Interview Code,Location ,Dry (D) or Fresh (F) fish ,Biological sex ,Age,How long have you been selling fish in the market?,"Shark, rays or both ",How often do you buy sharks and rays to sell? Everyday?,Comments on frequency of selling shark and ray ,What quantity of sharks (kg) do you sell per day? ,What quantity of rays (kg) do you sell per day?,Comments about quantity sold ,Is this more or less than the usual amount you would sell per week?,Which months of the year do you get the most supply in sharks and rays?,How does the demand of sharks and rays change accordingly?,Species recognition score,Which species of shark and ray do you sell? (Show pictures),milk shark,blue shark,tiger shark ,thresher shark ,silky shark ,mako shark ,shortfin mako shark ,longfin mako shark ,hammerhead shark ,bull shark ,guitar fish ,rhino ray,manta ray ,mobular/devil ray ,eagle ray,leopard whipray,cownose ray ,whitespotted whipray ,common stingray,broad cowtail stingray,stingray (other),blue spotted-maskray,Sicklefin devil ray ,Unknown species/comments,Which of these do you trade the most?,species,milk ray ,thresher shark  ,tiger shark ,silky shark,blue shark,manta ray ,guitar fish ,leopard whipray ,mobular ray ,manta ray ,whitespotted whipray ,eagle ray ,broad cowtail stingray,cownose ray,sicklefin devil ray ,blue spotted-maskray ,Did they recognise the fake species?,How much is a kg of shark? (Rps),How much is a kg of ray? (Rps),Sharks and rays decreasing?,Protection
V1,MH,F,M,43,15,both ,N/A,N/A,50,4,50kg per day for shark and 100-150Kg per month for ray ,Normal ,"During Sinhalese and Tamil New Year, the price goes up as there is more demand","Price high now- now more, as more people are there. Same demand ",0,"cownose ray , silky shark , bull shark",0,0,0,0,1,0,0,0,0,1,0,0,0,0,0,0,1,0,0,0,0,0,0,N/A,N/A,N/A,0,0,0,0,0,0,0,0,0,0,0,0,0,0,0,0,Yes,1300,700,0,0
V2,MH,F,M,31,10,shark ,N/A,N/A,29,N/A,400-500kg per month and 200kg per day for shark only,Normal. Shark have a specific time when they are more abundant  ,"In January and Febuary, I get less shark ","More demand when less. Varakan- less sharks then. Now overall sold less because there are more markets., negombo the price is high. ",0,"rhino ray, guitar fish, mako shark, longfin mako, cownose ray, bull shark , mobular ray , leopard whipray. ",0,0,0,0,0,1,0,1,0,1,1,1,0,1,0,1,1,0,0,0,0,0,0,Bull sharks can get upto 150/200kg,N/A,N/A,0,0,0,0,0,0,0,0,0,0,0,0,0,0,0,0,N/A,1200,N/A,1,1
V3,MH,F,M,40,20,both ,N/A,N/A,1071,214,7000-8000kg per week for shark and 1500kg per week for ray ,Some weeks there are less,"Yes, if there are more sharks and ray caught they are bought. But no seasons really. ","When fish are loads, but less there is more demand. Now selling less. ",0,"mako shark , milk shark , mobular ray",1,0,0,0,0,1,0,0,0,0,0,0,0,1,0,0,0,0,0,0,0,0,0,N/A,N/A,N/A,0,0,0,0,0,0,0,0,0,0,0,0,0,0,0,0,N/A,1500,500,1,1
V4,MH,F,M,52,18,rays ,N/A,N/A,N/A,18,200kg per week,Na,"You only get rays 6 months only, from March till September ","Indica, always people who want ",1,"whitespotted whipray, cownose ray ",0,0,0,0,0,0,0,0,0,0,0,0,0,0,0,0,1,1,0,0,0,1,0,N/A,N/A,N/A,0,0,0,0,0,0,0,0,0,0,0,0,0,1,0,0,N/A,N/A,450,0,0
V5,MH,F,M,54,25,rays ,N/A,N/A,N/A,64,400/500kg per week sold to intermediaries (this includes the shark gut) ,Na,"Raining and wind affects the avaliability of shark. During monsoon, the fishers get more. And also depends on who is going out to sea fish and the conditions of the sea. To catch rays, nets left over night and collected the next day. Other fish aren't caught. ","Small amount they eat, a lot then for dry. Now they eat, if other fish aren’t available.",0,"cownose ray , sicklefin devil ray , mobular ray , manta ray ",0,0,0,0,0,0,0,0,0,0,0,0,1,1,0,0,1,0,0,0,0,0,1,N/A,N/A,N/A,0,0,0,0,0,0,0,0,0,0,0,0,0,0,0,0,N/A,N/A,600,1,1
V6,FM,F,F,69,40,rays ,Everyday,N/A,N/A,9,"I make 1000 Rps per day, selling between 7-10kg of ray",It changes ,"It is the season during September, as well as October, November and December it’s fishing season ","Now since we started, first started selling thoru, sudeyo, etc- little profit. Then Parsi, then shifted to shark and raywo",1,"mobular ray , leopard whipray, mako shark, cownose ray, milk shark, thresher shark, tiger shark ",1,0,1,1,0,1,0,0,0,0,0,0,0,1,0,1,1,0,0,0,0,0,0,N/A,"mobular ray is the best for the taste, thresher shark and tiger shark","mobular ray , thresher shark , tiger shark ",0,1,1,0,0,0,0,0,1,0,0,0,0,0,0,0,No,N/A,100,0,0
V7,FM,F,F,63,25,both ,N/A,N/A,10,10,"When I can find ray, I buy it.",It depends ,There are less fish in September. April is a good month for rays. ,Yes people buy it. But less now as there are more shops near streets selling them ,1,"milk shark, eagle ray ",1,0,0,0,0,0,0,0,0,0,0,0,0,0,1,0,0,0,0,0,0,0,0,N/A,"Not really any specifically, we just get what we get",N/A,0,0,0,0,0,0,0,0,0,0,0,0,0,0,0,0,No,2000,1000,1,0
V8,FM,F,M,46,15,rays ,N/A,N/A,N/A,5,Use to buy from the market. Lellama bought and then dried themselves. Sold to thoga (2/3 mostly 5kg) ,"I sell to many places, including Badulla, Puthalam, Colombo, and many more places","August-September months, you get more fish. You get the most fish during the monsoon season, which lasts three more months till November. ",More dry first- most demand for small dry,1,"mobular ray , manta ray, leopard whipray, devil ray, eagle ray ",0,0,0,0,0,0,0,0,0,0,0,0,1,1,1,1,0,0,0,0,0,0,0,N/A,"Manta and mobualr ray. Manta ray has more demand because when they are cut and dried, the fish they looks really nice. They cut very nicely. ","manta ray , mobular ray ",0,0,0,0,0,1,0,0,0,1,0,0,0,0,0,0,No,N/A,1450,1,1
V9,MH,F,M,35,15,rays ,Everyday ,N/A,N/A,200,"350 kg of rays cut today, but sold 200kg so far","200 kg sold today, and cut 350kg","Everyday there’s boats going out, so rays are always in supply. But sometimes we just change the place we get it from","Today there’s 200 gone and it’s 9am, it’s hard to day. When there’s a smaller price, there’s more gone. Linno, saleyo when the price goes up, more. ",1,"mobular ray , manta ray, leopard whipray, broad cowtail stingray, whitespotted whipray ",0,0,0,0,0,0,0,0,0,0,0,0,1,1,0,1,0,1,0,1,0,0,0,N/A,mobular ray and leopard whipray ,"mobular ray , leopard whipray ",0,0,0,0,0,0,0,1,1,0,0,0,0,0,0,0,No,N/A,700,0,0
V10,MH,F,M,33,15,rays ,Everyday ,N/A,N/A,143,1000kg per week for rays,Sometimes I sell more ,"By Auguts, all the fish are gone and by September, there is less. So there are seasonal patterns. Boats catch 100-150kg of ray per boat ",More days the price goes up. When price is low people buy ,1,"mobular ray , leopard whipray, sicklefin devil ray, cownose ray",0,0,0,0,0,0,0,0,0,0,0,0,0,1,0,1,1,0,0,0,0,0,1,N/A,leopard whipray ,leopard whipray ,0,0,0,0,0,0,0,1,0,0,0,0,0,0,0,0,No,N/A,700,1,0
V11,MH,F,M,31,5,rays ,3.5 days a week ,N/A,N/A,650,600-700kg per week for rays,Normal ,"During monsoon there is more fish. Although, less by september as due to the stormy conditions, less boats go out. ",When price is high demand is low ,1,"manta ray, leopard whipray, rhino ray, sicklefin devil ray, broad cowtail stingray ",0,0,0,0,0,0,0,0,0,0,0,0,1,0,0,1,0,0,0,1,0,0,1,N/A,mobular ray  ,mobular ray  ,0,0,0,0,0,0,0,0,1,0,0,0,0,0,0,0,No,N/A,750,0,0
V12,MH,F,M,44,23.5,rays ,2.5 days a week ,N/A,N/A,36,200/300kg per week for rays,Normal,"Even weekly, you get it for 7/8 stands with over 800-1000kg, just selling rays. 800-900kg just today for rays and even more nowadays. When the sea is rough there is  less fish coming","Thoga (500) given fro 450rps, for kg. Saturday, Friday more people come. Muslims people come ",0,"mobular ray , manta ray, rhino ray, broad cowtail stingray, cownose ray, guitar fish, eagle ray ",0,0,0,0,0,0,0,0,0,0,1,0,1,1,1,0,1,0,0,1,0,1,0,vaththela',"leopard whipray, because they have a hard texture",leopard whipray ,0,0,0,0,0,0,0,1,0,0,0,0,0,0,0,0,Yes,N/A,525,1,1
V13,MH,F,M,31,15,both ,Everyday ,N/A,14,50,"I sell more ray than shark, and also sell to vendors who sell on bikes ","Some days, I sell as little as 5/6 kg of shark  ","Not much change, all 12 months per year find sharks and rays from all over ","Not much- (2/3 kg buying, the ones that come come)",0,"mobular ray , leopard whipray, rhino ray, sicklefin devil ray, whitespotted whipray ",0,0,0,0,0,0,0,0,0,0,0,0,0,1,0,1,0,1,0,0,0,0,1,N/A,"mobular ray, guitarfish have white insides. ",mobular ray  ,0,0,0,0,0,0,1,0,1,0,0,0,0,0,0,0,Said that it was rare,1600,600,1,0
V14,MH,F,F,67,41,both ,2.5 times ,Shark is only sold when avaliable. And more ray is sold 2/3 times a week ,Na,13,"13kg of rays bougth today. Shark is generally more expensive, so not bought that much ",N/A,"In August, there is more. Less during between november and december",Demand depends on price ,0,"mobular ray , cownose ray, common stingray, whitespotted whipray  ",0,0,0,0,0,0,0,0,0,0,0,1,0,1,0,0,1,1,1,0,0,0,0,N/A,cownose ray,cownose ray,0,0,0,0,0,0,0,0,0,0,0,0,0,1,0,0,Yes,N/A,550,0,0
V15,FM,F,M,47,32,both ,Everyday,Started with sharks and now selling rays recently. I am selling ray today ,23,Na,20/25 kg per day for shark. But today I only bought 11kg ,"This is normal, and I mostly sell shark ",1800 kg caught last month now it’s 14000. They are caught by big boats,Once a week people eat it. shark people buy for mothers. Now eating more. ,0,"mobular ray , milk shark, silky shark , rhino ray, hammerhead shark , thresher shark",1,0,0,1,1,0,0,0,1,0,0,1,0,1,0,0,0,0,0,0,0,0,0,N/A,silky shark ,silky shark ,0,0,0,1,0,0,0,0,0,0,0,0,0,0,0,0,Yes,1400,N/A,1,0
V16,FM,F,F,56,16,rays ,Rarely,Some months we don’t find rays,N/A,10,N/A,"Normal, and we sell dependent on the amount we get",During monsoon there’s less. But we only buy a little bit ,People don’t have money to buy to rays. ,1,"mobular ray , leopard whipray, rhino ray, eagle ray",0,0,0,0,0,0,0,0,0,0,0,1,0,1,1,1,0,0,0,0,0,0,0,N/A,leopard whipray and eagle ray  ,"leopard whipray , eagle ray  ",0,0,0,0,0,0,0,1,0,0,0,1,0,0,0,0,No,N/A,725,1,0
V17,FM,F,F,67,35,both ,3 times a week,"We normally buy shark when other types of fish are limited. Although, on wednesdays we always buy shark, as it is weekly market day. Fridays and Thursdays I don't tend to buy shark ",Na,10,"10kg per day, and even sometimes 16/18kg. But it is hard to tell",Depends on other fish as well as avaliability. We always get profit with selling rays,Not really,"December and 1/2th month and Sinhala new year there’s no fish. Then there’s more demand. I use to sell small fish and then after 30 years I started selling big fish. Then rays use to be cheap, 150/100g.  Now 500 and more. Now ",1,"leopard whipray, whitespotted whipray, cownose ray, marble ray",0,0,0,0,0,0,0,0,0,0,0,0,0,0,0,1,1,1,0,0,0,0,0, Javanees cownose rays have a pee smell. mobular ray is expensive. ,"eagle ray , whitespotted whipray, leopard whipray. Marble ray is very slimy ","eagle ray , whitespotted whipray , leopard whipray",0,0,0,0,0,0,0,1,0,0,1,1,0,0,0,0,No,N/A,1200,0,0
V18,FM,F,F,77,45,rays ,Everyday. ,Can vary from everyday to 2 times a week. ,N/A,9,"Don’t measure like that, so it's hard to say. 9kg was the amount bought today  ","Other vendor buy around 100 kg of rays, but I only buy what I need","Less during September as there is more wind, but more ray found during these times",3 prices for 1000 selling but people still don’t buy. ,0,"leopard whipray, cownose ray ",0,0,0,0,0,0,0,0,0,0,0,1,0,0,0,1,1,0,0,0,0,0,0,N/A,Not species specific ,N/A,0,0,0,0,0,0,0,0,0,0,0,0,0,0,0,0,Yes,N/A,N/A,0,0
V19,FM,F,F,65,45,both ,3 times a week. ,N/A,18,13," 15/20kg per day of shark, which leaves me with between 400-1400 profit. I am also selling two 20 kilo rays. Also hard to say the amounts exactly, because we sell all what we buy. Some some species we cannot ice, because they smell. So we also have to sell on the smell.",N/A ,"From August till November, there is are more rays. Less shark in September. More in December, January and Febuary ",Fishermen eat ray ans shark malu. ,1,"leopard whipray, milk shark, rhino ray, cownose ray, thresher shark ",1,0,0,1,0,0,0,0,0,0,0,1,0,0,0,1,1,0,0,0,0,0,0,Do not buy Javanees ray,"thresher sharks are soft, and they go the most. ",thresher shark ,0,1,0,0,0,0,0,0,0,0,0,0,0,0,0,0,No,1600,475,1,0
V20,FM,F,M,30,5.5,rays ,6 times a week ,N/A,N/A,20,20kg of rays bought today ,Normal ,"During the monsoon season, less boats go out ",Consumption- rate changes when more is caught. More caught going for 500rps. We check what we buy and chnage the rate. We buy it fresh ,1,"leopard whipray, whitespotted whipray, common stingray, eagle ray ",0,0,0,0,0,0,0,0,0,0,0,0,0,0,1,1,0,1,1,0,0,0,0,Current maduwa',whitespotted whipray and leopard whipray ,"whitespotted whipray , leopard whipray ",0,0,0,0,0,0,0,1,0,0,1,0,0,0,0,0,No,N/A,1000,0,0
V21,FM,F,M,58,30,rays ,Everyday ,Sundays we don’t work ,N/A,20,N/A,Less than I would normally ,No change ,More at chirstmass,0,eagle ray ,0,0,0,0,0,0,0,0,0,0,0,0,0,0,1,0,0,0,0,0,0,0,0,N/A,leopard whipray ,leopard whipray ,0,0,0,0,0,0,0,1,0,0,0,0,0,0,0,0,Yes,N/A,1000,0,0
V22,FM,F,F,60,20,rays ,2.5 times a week ,"Although, today we only got a little",N/A,1,5/6kg per week for rays,Normal ,Don’t know much ,4/5 people can buy and finish. ,1,"mobular ray , manta ray, eagle ray ",0,0,0,0,0,0,0,0,0,0,0,1,1,1,1,0,0,0,0,0,0,0,0,N/A,"We generally don’t buy the large rays, and they take a longer time to sell",N/A,0,0,0,0,0,0,0,0,0,0,0,0,0,0,0,0,No,N/A,500,0,0
V23,FM,F,M,33,12,rays ,Everyday,There is a main vendor/trader in the market dealing with rays. He is call 'ray nishantha'. Yesterday I bought 200kg of ray,N/A,143,1000 kg per week for rays,"When there is less rays, I always try and buy then whatever the price.",August and September is when you get the most rays,"600 kilo before, now 300 for kilo. When less, the price is higher. ",0,"mobular ray , leopard whipray, broad cowtail stingray, cownose ray, whitespotted whipray, marble ray ",0,0,0,0,0,0,0,0,0,0,0,0,0,1,0,1,1,1,0,1,0,0,0,Marble rays are large,"leopard whipray, because they finish quickly",leopard whipray ,0,0,0,0,0,0,0,1,0,0,0,0,0,0,0,0,Yes,N/A,800,1,0
V24,FM,F,F,66,32,both ,Everyday ,"If we find shark and ray everyday, we get them",13,28,15/10kg per day for shark and 28kg bought today for rays,It depends ,Not really any seaons. Sharks are caught from big boat and in deeper waters. Rays you get on normal nets.,Not really we sell everyday,0,"leopard whipray, rhino ray , whitespotted whipray , thresher shark , cownose ray",0,0,0,1,0,0,0,0,0,0,0,0,0,0,0,1,1,1,0,0,0,0,0,kaha maduwa' (yellow ray) (very tasty),"sharks in general are quite popular, and mostly thresher sharks. cownose ray and leopard whipray also","thresher shark , cownose ray , leopard whipray",0,1,0,0,0,0,0,1,0,0,0,0,0,1,0,0,Yes,1900,1200,1,0
V25,FM,F,M,41,28,both ,N/A,Depends on time,53,53,500-1000kg per week. Now less (Assumed that the amount mentioned was a combination for both shark and rays in per day calculations),N/A,Hard to say,Thoga to Colombo. When more the price is less. When 1000 bought only 500 left. ,1,milk shark,1,0,0,0,0,0,0,0,0,0,0,0,0,0,0,0,0,0,0,0,0,0,0,Any ray and shark we get we dry. ,N/A,N/A,0,0,0,0,0,0,0,0,0,0,0,0,0,0,0,0,No,N/A,N/A,0,0
V26,K,D,M,40,10,both ,1 time a week ,(10-15-20kg),1,1,"10kg per week, together for sharks and rays",Normal ,"Not really- it’s hard to say the seasons. If we can't find sharks and rays in this ocean, then another ","People who go abroad buy it. Everyday, now loads of people abroad ",0,"milk shark , stingray (other), eagle ray, mobular ray ",1,0,0,0,0,0,0,0,0,0,0,0,0,1,1,0,0,0,0,0,1,0,0,N/A,"eagle ray, mobular ray, milk shark, stingray (other) is small. ","eagle ray , mobular ray , milk shark , stingray (other)",1,0,0,0,0,0,0,0,1,0,0,1,0,0,0,0,Yes,2400,1600,0,0
V27,FM,F,F,52,32,both ,Everyday ,We only buy it everyday if they are avaliable and found. If not 2/3 times per week,4,4,Last week 28kg,Sometimes more and sometimes less. How much we sell depends on how much sharks and rays we find,"When boats don’t go out to sea, we don’t get sharks and ray. During September, we received less sharks and rays","Some people ask for less, now less for both shark and ray",1,"leopard whipray, rhino ray , cownose ray , eagle ray ",0,0,0,0,0,0,0,0,0,0,0,1,0,0,1,1,1,0,0,0,0,0,0,N/A,leopard whiprays and eagle rays are tasty  ,"leopard whipray , eagle ray  ",0,0,0,0,0,0,0,1,0,0,0,1,0,0,0,0,No,1450,1200,1,0
V28,FM,D,M,62,40,both ,N/A,"Depends on price changes, and this increases and decreases ",Na,Na,Hard to say ,N/A,"Yes, there is seasonality. Between August till October, there is less. In January there’s more sharks and ray ",People buy all the time,0,"milk shark , eagle ray , whitespotted whipray  ",1,0,0,0,0,0,0,0,0,0,0,0,0,0,1,0,0,1,0,0,0,0,0,"milk ray 'kiri maduwa', 'kattawana'",N/A,N/A,0,0,0,0,0,0,0,0,0,0,0,0,0,0,0,0,Yes,2000,1100,0,0
V29,FM,D,F,60,40,both ,N/A,N/A,3,3,"20/25kg per week for both sharks and rays. Sometimes when there’s more we have boxes for wholesale, where we well ray in 30kg boxes and 20kg boxes for shark",N/A,"In Septmerber, there is alittle less ray. But generally no months in particular, we always get sharks and rays","When price is high- the demand is more, because fish is less. When price is less, there is more ",1,"mobular ray , manta ray , blue shark, mako shark , milk shark , sicklefin devil ray , longfin mako shark ",1,1,0,0,0,1,0,1,0,0,0,0,1,1,0,0,0,0,0,0,0,0,1,"All sharks are dried. Longfin mako shark  is watery, even after 50 days","mobular ray, milk shark also because it is good for illness, like mothers and gradmothers ","mobular ray , milk shark ",1,0,0,0,0,0,0,0,1,0,0,0,0,0,0,0,No,2250,1500,0,0
V30,FM,D,F,57,30,both ,2 times a week ,I buy shark and ray on Monday and Saturday ,81,81,Two days per week selling 300kg-350kg of shark and ray ,Normal ,"Hard to say, but the price changes with volume",The demand changes according to price. And when it’s cheap more people come buy.,0,"milk shark , eagle ray ",1,0,0,0,0,0,0,0,0,0,0,1,0,0,1,0,0,0,0,0,0,0,0,N/A,Both ray and shark get sold at the same rate ,N/A,0,0,0,0,0,0,0,0,0,0,0,0,0,0,0,0,Yes,1800,1100,0,0
V31,FM,D,M,45,4,both ,Everyday ,N/A,Na,Na,Whole sale,"Some days I sell 10 boxes of shark (with 16kg in each box) and ray (with 20kg in each box), and vendors buy and selll in Negombo, Kurunegala and Pollunaruwa ","The types that are avaliable, I buy. But in septmber, there is less shark and ray because of rain ","Some buy 5kg, 10kg - January (pascu month)",0,"mobular ray , manta ray , blue shark, milk shark , thresher shark , stingray (other)",1,1,0,1,0,0,0,0,0,0,0,0,1,1,0,0,0,0,0,0,1,0,0,Appa maduwa'(stingray other) is also called katti maduwa,None in particular ,N/A,0,0,0,0,0,0,0,0,0,0,0,0,0,0,0,0,Yes,1700,900,0,0
V32,K,D,M,60,45,both ,2 times a week ,Wednesday and Sundays are the business days. We don’t get raays everyday. Yesterday I bought 30kg. I don't generally buy more because it’s expensive. ,88,88,For the two days a week- 150kg/200kg per day in week for two days.,Normal,"Shark is expensive and there are 2/3 months per year in which we get most fish. In September we get more fish, so they generally become cheaper",Cheaper now for fresh fish so less karola,1,"mobular ray , manta ray , blue shark, milk shark , stingray (other), eagle ray,  white spotted whipray, cownose ray ",1,1,0,0,0,0,0,0,0,0,0,0,1,1,1,0,1,0,0,0,1,0,0,"Eramuthu maduwa', 'katti maduwa'. If we get a good price for sharks and rays, we get will get them all. The oil price increases everything else increases. This also means, not everyone buys sharks and rays. For example, milk shark is expensive. And ee have to sell it at a price so that the next vendor can also make profit. The dry fish we haven't sold, we sell for fertiliser. ",N/A,N/A,0,0,0,0,0,0,0,0,0,0,0,0,0,0,0,0,No,1600,1400,1,1
V33,K,D,M,55,10,both ,N/A,He owns a small drying fish complex (called a 'vadia'). It is hard to say how often we sell. Today it’s a tough day. ,Na,Na,"It is very variable, for example, today we didn’t sell 25kg, but some days we sell 200kg ",It’s unreliable business. ,"In Ausgust and September we had good business. But without much business there is no point drying the fish. We buy the fish from the main Negombo fisheries harbour to dry. First they give to companies the best quality ones, and then the remaining bits we get. 1kg -5000/6000 we get for 500/600. August we get cownose ray , this month we are also accepting some. ","When there is more fish, not dry fish then less price. Today no business. They must have left over from last weeks. Tsunami before, we were able to predict business. Hard to say when we will get fish, etc. it’s naturally changed. When we get fish we always get profit. Atleast a little profit. ",1,"mako shark , milk shark , silky shark , guitarfish",1,0,0,0,1,1,0,0,0,0,0,0,0,0,0,0,0,0,0,0,0,0,0,N/A,"Silky shark, because they smell nice and the fish fillet once cut also looks nice. Mako shark has more black meat, so they are sold for less. ",silky shark ,0,0,0,1,0,0,0,0,0,0,0,0,0,0,0,0,No,1850,N/A,0,0
V34,K,D,F,69,17.5,rays ,2 times a week ,We buy what we think is good. Sunday we bought 5kg and sold that. Today we also bought 5kg,N/A,4,5-10kg of rays per week. We also buy them in boxes. Shark is too expensive ,Depends ,Some times they get more. August- September more. maduwa less these days?,"Sunday they buy more. Wednesday less people. We sell silara, so not sure ",0,"blue spotted-maskray, stingray (other)",0,0,0,0,0,0,0,0,0,0,0,0,0,0,0,0,0,0,0,0,1,1,0,N/A,"I generally buy the smaller ones, which are cheaper ",N/A,0,0,0,0,0,0,0,0,0,0,0,0,0,0,0,0,Yes,N/A,725,0,0
V35,K,D,F,68,40,both ,Everyday,Generally more than two times a week. ,10,10,More than 10kg per day,The amount we sell can change,When more fish the price is less. August more rays- all dry fish types are cheaper in august. September there is less fish starting now ,"Hard to do rays because they are expensive ane in the rainy days they go bad. Sinhala new year there’s more business, this month less. Christmas also a bit ",0,"mobular ray , manta ray , milk shark , silky shark , thresher shark , rhino ray , sicklefin devil ray , stingray (other), eagle ray ",1,0,0,1,1,0,0,0,0,0,0,0,1,1,1,0,0,0,0,0,1,0,1,N/A,Rays aren’t that popular ,N/A,0,0,0,0,0,0,0,0,0,0,0,0,0,0,0,0,Yes,N/A,N/A,0,0
V36,K,D,F,47,5,both ,Everyday,"Only 2 days are spent at the market to sell dry fish. In the market we sell the bones and less quality dry fish. Then at home, we also pack the best quality dry fish to be sold elsewhere. ",25,Na,"25kg finishes in one day. Good quality shark which is 25kg can be sold rapidly sold, but only if people show up ",N/A,"When rain there is less (kilo -600kg), when people want more we give it for 400 per kilo ","When small fish are caught- 30kg we bought last week. Sunday, today less people. ",1,"mobular ray , leopard whipray, milk shark , broad cowtail stingray, eagle ray ",1,0,0,0,0,0,0,0,0,0,0,0,0,1,1,1,0,0,0,1,0,0,0,kenda',We always buy ray when avaliable,N/A,0,0,0,0,0,0,0,0,0,0,0,0,0,0,0,0,No,N/A,N/A,0,0
V37,K,D,F,62,30,rays ,2 times a week ,Wednesday and Sunday ,N/A,4,"I bought 48kg of dry ray today, and have only sold 4kg so far (11:30am)","There is dry fish everywhere, and it is avaliable. So we buy it every week. We have less customers now. People also buy from me and sell in shops. ",Depends on how many boats go. All year they go. Varakan they is more- next month it fisnhes. Tsunami after lot or things have changed. Ocean is broken. Now no land ,Now less- more vendors now. More shops with packets. Poson and dansal they buy more. ,0,"mobular ray , manta ray , sicklefin devil ray , cownose ray , eagle ray , marble ray, eagle ray  ",0,0,0,0,0,0,0,0,0,0,0,0,1,1,1,0,1,0,0,0,0,0,1,"The types/species have variations in prices. 1000Rps for eagle ray. The small sizes are less pricey. When rain touches the dry fish, they get a little colour and get reddish, so we cannot sell them. ",It’s hard to say for dry fish. All the types they cut and sell so it’s hard to distinguish species,N/A,0,0,0,0,0,0,0,0,0,0,0,0,0,0,0,0,Yes,1850,1000,1,0
V38,K,D,M,42,10,both ,Everyday ,N/A,5,5,"Between 5-10kg, but mostly 5kg for sharks and rays ",N/A,The amount they dry- they have in stock - we bring around 1/2 a times around 20-30kg. We find almost every month ,December end April and May end- season for people from abroad. ,1,"manta ray , milk shark , silky shark , rhino ray , cownose ray, manta ray  ",1,0,0,0,1,0,0,0,0,0,0,1,1,0,0,0,1,0,0,0,0,0,0,manta rays don’t sell well- 50% people don’t like. ,silky sharks. We like the sharks and rays hard and if they are like jelly we don’t like to get them ,silky shark ,0,0,0,1,0,0,0,0,0,0,0,0,0,0,0,0,No,1800,2200,1,0
V39,MH,F,F,45,15,both ,Everyday ,"Everyday we try to get shark, whereas we don’t get rays that much. Only if there weren't any other types of fish.  ",23,13,Between 20/25 kg of shark and between 10/15 kg of ray in a day ,"It depends. For example, if there’s rain ",This month there’s more- 8/9th. January there’s less ,Sinhala new year there’s more- small fish demand all the year- not that much for ray and shark. People who guy rarely. ,1,"blue spotted-maskray, milk shark , thresher shark , whitespotted whipray , guitar fish",1,0,0,1,0,0,0,0,0,0,1,0,0,0,0,0,0,1,0,0,0,1,0,pulli maduwa',milk shark and thresher shark are quality. We don’t like blue shark as they are too loose and watery,"milk shark , thresher shark ",1,1,0,0,0,0,0,0,0,0,0,0,0,0,0,0,No,N/A,1600,1,0
V40,MH,F,M,35,8,rays ,5 times a week,N/A,N/A,13,Between 10/15kg of rays per day ,Normal ,No really. Less now- rain wind storms ,Sinhalese new year,0,"mobular ray , leopard whipray, broad cowtail stingray, whitespotted whipray, manta ray, cownose ray ",0,0,0,0,0,0,0,0,0,0,0,0,1,1,0,1,1,1,0,1,0,0,0,N/A,"broad cowtail stingray is the tastiest, as well as leopard whipray","broad cowtail stingray , leopard whipray ",0,0,0,0,0,0,0,1,0,0,0,0,1,0,0,0,Yes,N/A,1100,0,0
V41,MH,F,M,30,15,both ,Everyday ,N/A,43,43,Can vary between 100-200 and 500kg for both days,Normal ,Every month- august November- other months ,When less fish months,1,"mobular ray , manta ray , leopard whipray, sicklefin devil ray , cownose ray ",0,0,0,0,0,0,0,0,0,0,0,1,1,1,0,1,1,0,0,0,0,0,1,N/A,"sicklefin devil ray, mobular ray, mako shark. We trade thresher shark the most. Milk shark also has a good taste ","sicklefin devil ray , mobular ray , mako shark , thresher shark , milk shark",1,1,0,0,0,0,0,0,1,0,0,0,0,0,1,0,No,1150,800,1,0
V42,MH,F,M,36,1,both ,6 times a week ,N/A,38,38,150-250-300kg both ,More weight for ray ,"June July, now less. Every month we get, wind ","Less now. When more fish, demand is less. ",0,"sicklefin devil ray , broad cowtail stingray, hammerhead shark, cownose ray ",0,0,0,0,0,0,0,0,1,0,0,0,0,0,0,0,1,0,0,1,0,0,1,I sell all sharks except the illegal ones ,"we have the most demand for thresher shark. And whitespotted whipray , and leopard whipray","thresher shark , whitespotted whipray , leopard whipray",0,1,0,0,0,0,0,1,0,0,1,0,0,0,0,0,Yes,1300,650,1,0
V43,MH,D,M,54,20,rays ,Rarely,It is the first time in two years we are selling dry ray. We are currently testing out the sales for it. ,N/A,18,So far 5kg sold today. 30kg bought today ,Ray isn’t sold that much in the big harbour. Smaller fish sold here. ,8/9th the price decreases because there’s more fish. ,April the price is high. Demand is high,0,"leopard whipray, broad cowtail stingray, cownose ray, eagle ray",0,0,0,0,0,0,0,0,0,0,0,0,0,0,1,1,1,0,0,1,0,0,0, All the types we get we sell ,"whitespotted whipray is tasty,  and eagle ray  ","whitespotted whipray , eagle ray ",0,0,0,0,0,0,0,0,0,0,1,1,0,0,0,0,Yes,N/A,900,0,0
V44,MH,F,M,31,12,both ,Everyday ,N/A,125,125,Between 50-200kg per day for both sharks and rays ,Normal,Varakan there more caught - 7/8th ray. Mora we catch often ,Depending on quality- if good quality they always buy,0,All types ,0,0,0,0,0,0,0,0,0,0,0,0,0,0,0,0,0,0,0,0,0,0,0,N/A,"whitespotted whipray, sicklefin devil ray, mobular ray, leopard whipray, silky shark, blue spotted mask-ray","whitespotted whipray , sicklefin devil ray , mobular ray , leopard whipray , silky shark , blue spotted maskray",0,0,0,1,0,0,0,1,1,0,1,0,0,0,1,1,Yes,1300,750,1,0
V45,MH,F,F,55,26,both ,2.5 times a week ,N/A,4,4,10kg per week ,Haven’t sold the 5kg I got today yet,Everyday the boats come. 11th month there’s less fish. 6/8th more fish so the price is low. ,Sinhalese new year,1,rhino ray ,0,0,0,0,0,0,0,0,0,0,0,0,0,0,0,0,0,0,0,0,0,0,0,Not sure which species exactly. Vendors bring me shark and ray to me to me to cut. ,"whitespotted whipray , cownose ray","whitespotted whipray , cownose ray",0,0,0,0,0,0,0,0,0,0,1,0,0,1,0,0,No,N/A,N/A,1,0
V46,MH,F,M,68,27.5,rays ,5.5 times a week ,"We only sell in this market, and only if we get hold of some ",N/A,3,2/3kg bought today,N/A,N/A,N/A,0,N/A,0,0,0,0,0,0,0,0,0,0,0,0,0,0,0,0,0,0,0,0,0,0,0,N/A,N/A,N/A,0,0,0,0,0,0,0,0,0,0,0,0,0,0,0,0,N/A,N/A,N/A,0,0
V47,K,D,F,57,4,both ,N/A,Everytime I’m here I bring both shark and ray. They are needed for good business ,N/A,N/A,"I bought 20kg of shark 2 weeks ago, and now there is 5/6kg left. I bought 20/25kg of rays, and its been two weeks since. Now there is only 5kg left. ","Normal. Sometimes we buy 10kg. We buy rays in boxes so we can’t get less so we buy all, and there is 30kg in a box. ",They always have in the vadia. ,Rain there’s less Mora dried fish. Now price is high. ,0,"milk shark , thresher shark , stingray (other), eagle ray, whitespotted whipray ",1,0,0,1,0,0,0,0,0,0,0,0,0,0,1,0,0,1,0,0,1,0,0,"Gal Mora',‘Podi maduwa' also refers to 'appa maduwa'(stingray other)","I like to sell all types, for example, milk sharks are very popular. ",milk shark ,1,0,0,0,0,0,0,0,0,0,0,0,0,0,0,0,Yes,1800,1000,0,0
V48,K,D,F,40,4,both ,Everyday,"Everyday only for shark, and rays are more rare. Especially these days because of the weather. Although shark is expensive now. ",50,50,300-400 kg per week sometimes. For both. Shark is always sold. ,"10 maduwa for day, (15kg per box and 10kg per week). maduwa (40kg per week and per box one)","These days loads of dry fish arriving. 4th moth less for both. They are just seasonlad, varakan fish is less. once a month rays are less. ",Feb- 8th month good business. Then bad. ,1,"blue shark, milk shark , thresher shark , rhino ray , mobular ray ",1,1,0,1,0,0,0,0,0,0,0,1,0,1,0,0,0,0,0,0,0,0,0,N/A,"mobular ray and cownose ray, milk shark (big ones)","mobular ray , cownose ray , milk shark ",1,0,0,0,0,0,0,0,1,0,0,0,0,1,0,0,No,1800,N/A,0,0
V49,K,D,F,51,13.5,both ,Everyday ,We have rays everyday. The price at which we buy it for can vary for both shark and ray. We have always bought shark from the drying complex in Negombo for more than 1000Rps,28,28,Some days there are no sales at all. But on average 25/30kg for both. ,N/A,4th month- 8th month- for small fish. Hard to predict when we can get most for shark and ray. ,"When there’s less mora, more demand. 4th month for Sinhalese new year, and Christmas ",0,Hard to say,0,0,0,0,0,0,0,0,0,0,0,0,0,0,0,0,0,0,0,0,0,0,0,N/A,Milk shark. Bigger sharks and rays get sold more compared to the small ones. (note: not confident with species ID),milk shark,1,0,0,0,0,0,0,0,0,0,0,0,0,0,0,0,Yes,1800,1300,1,0
V50,K,D,F,52,10,both ,2 times a week,"Some days we get shark and rays, so we sell depending on how much we get",8,8,"When less fresh fish, more dry fish is sold. Some days the whole 10kg sold. I only sell to domestic costumers, and not wholesale.  ",Depends ,"2-3weeks ago loads of fish caught. Then maduwa and Mora don’t buy, they are also expensive. Rain so less now. ",Mostly just less. December they don’t. Sinhala Buddhist they eat. Catholic peop em don’t eat,1,"milk shark , eagle ray ",1,0,0,0,0,0,0,0,0,0,0,0,0,0,1,0,0,0,0,0,0,0,0,N/A,People like the white milk shark. And eagle ray as well because they are pretty,milk shark ,1,0,0,0,0,0,0,0,0,0,0,1,0,0,0,0,No,1900,1033,1,1
V51,K,D,F,41,15,both ,4 times a week ,N/A,Na,Na,"It depends. For example, yesterday there weren’t any business at all. We sell boxes with 30/35kg per box, for both shark and ray. Shark always gets sold compared to rays. The quality is also important for selling. We also own drying fish complexes for drying shark. The price of the shark is also deptermined by which part of the body is sold. For example, the middle sections of the shark is the most expensive- going for 1800Rps per kg. Whereas the other bits are around 1500Rps","When one or two boxes were bought before, they almost all sell out. But now price is high because of the rain, because less fish can be dried",Last month- kirimin now more caught ;the price is less). Then ray and Mora less demand.,"Sinhala new year, there are some holidays. People buy from here and se in villages. They have to look at transport costs. More bight then. We have the same rate. 10-11th month more demand, less fish. Pitipana they dry big fish, here in the small lellama they do small fish. Some do here but not everyone ",1,"mobular ray , manta ray , blue spotted-maskray, milk shark , eagle ray ",1,0,0,0,0,0,0,0,0,0,0,1,1,1,1,0,0,0,0,0,0,1,0,There is also a shark called 'boat shark' because they fry and eat them in the boat. ,"Shark and ray with a hard texture. More than species, it’s about quality. Eagle ray and mobular ray have a lot of demand, especially because eagle ray are tasty and hard. Mobular ray is soft. ","eagle ray , mobular ray ",0,0,0,0,0,0,0,0,1,0,0,1,0,0,0,0,No,1766,1550,0,0
V52,K,D,F,83,50,rays ,2 times a week,N/A,N/A,20,40kg of rays. We also do wholesale if the costumer asks,It depends ,"Not really- small fish abundant now. Last month we sold a couple of boxes, but these days they haven’t put the ray to dry. ","Sinhala new year- more sold. Now less. December is also good for dry fish sold. Also January, feb, March can sell. Now less, and the next is also less ",1,"mobular ray , blue spotted-maskray",0,0,0,0,0,0,0,0,0,0,0,0,0,1,0,0,0,0,0,0,0,1,0,N/A,Don’t sell shark. And not much ray sold either.,N/A,0,0,0,0,0,0,0,0,0,0,0,0,0,0,0,0,No,N/A,1300,0,0
V53,K,D,F,63,35,both ,Everyday ,We only sell big sharks and ray,125,16,"100-150kg of shark for a typical market day, but not that much for rays. Rays are sold more wholesale, where we get 2-3 boxes of 40/50kg per box per week ","Less now, because of the rain. And some can be smelly. We don’t buy smelly ones","Every time we get. Some days less, so if we normally buy 5 boxes, those days we get 2/3 boxes.",We sell mostly thoga - they always come get. ,1,milk shark,1,0,0,0,0,0,0,0,0,0,0,0,0,0,0,0,0,0,0,0,0,0,0,We also get big sharks. (note- vendor seems to struggle with species ID),"I buy good quality ones. We buy the goods in boxes, and when we are buying, we don’t ask about the species, only quality.",N/A,0,0,0,0,0,0,0,0,0,0,0,0,0,0,0,0,No,N/A,N/A,0,0
V54,K,D,F,48,8,both ,2.5 times a week,N/A,Na,Na,"The amount we sell has decreased, because there is less business now, because less people are coming to the market","we buy boxes, with 25/30kg in each box, for both sharks and rays. Some days we have to drag the stock. And today we haven’t even sold 5kg","Some months less, or the price is high. Hard to say which months exactly ","Thoga selling there’s more business. maduwa is less selling now. Price is 1000 -1400. Sinhala new year there’s more, December more as well ",1,"stingray (other), eagle ray, blue spotted-maskray",0,0,0,0,0,0,0,0,0,0,0,0,0,0,1,0,0,0,0,0,1,1,0,Sometimes we get rid of the skin. Because some people don’t like to eat it with the skin ,blue shark and milk shark is the best,"blue shark , milk shark ",1,0,0,0,1,0,0,0,0,0,0,0,0,0,0,0,No,1766,1200,1,0
V55,K,D,F,52,22.5,both ,2 times a week ,N/A,38,28,"2/3 boxes each week, and dry shark comes in 30kg per box, and 20/25kg of dried ray per box. ",We buy 2 boxes per week of rays. There is also buy shark in boxes.,They dry in the vadi- we keep some. One week -2 times they dry. Rain we don’t get. If not raining we always get ,"Before we use to sell more but now other vendors get from people drying at home. We buy from vadi- then we keep a 100 or so, but they get more profit or can sell more for less ",1,"mobular ray , rhino ray , eagle ray ",0,0,0,0,0,0,0,0,0,0,0,0,0,1,1,0,0,0,0,0,0,0,0,N/A,"rhino ray is good. Sometimes we just get as shark or ray, and no particular species really ",rhino ray ,0,0,0,0,0,0,0,0,0,0,0,0,0,0,0,0,No,1950,1000,0,0
V56,K,D,F,68,35,both ,2 times a week,"We can’t really tell for sure, because we go to the drying complex and we sell what is avaliable ",8,8,"When 20/25kg (~23) of dry shark is bought, it takes a week or two (~1.5 weeks) to finish selling this amount. This is the same for ray, and it’s rare to finish waht I buy that day. 15kg can be sold in a week normally ",N/A,Not really they always have ,Sinhala new year I sell more. 10th of the month I sell good and after the 25th I sell good. Because of people getting pay. ,0,"blue shark, leopard whipray, milk shark , hammerhead shark, eagle ray ",1,1,0,0,0,0,0,0,1,0,0,0,0,0,1,1,0,0,0,0,0,0,0,N/A,"eagle ray is the best for taste. Some shark can go upto 2000, for example thresher shark can be more expensive, but we try to find them for less. They are tasty. We normally keep 100/150 profit for each kg sold","eagle ray , thresher shark ",0,1,0,0,0,0,0,0,0,0,0,1,0,0,0,0,Yes,N/A,1300,0,0
V57,MH,F,M,60,1,rays ,Rarely ,"Very rarely, 3 times a month ",N/A,Na,100-200kg of ray can be caught sometimes. ,N/A,"Now less- varakan you get more- may, june, july","When people get colds, people eat it less. Big maduwa always go",0,blue spotted maskray ,0,0,0,0,0,0,0,0,0,0,0,0,0,0,0,0,0,0,0,0,0,1,0,N/A,"We normally just sell small rays such as the blue spotted-maskray, because with the big ones we have to cut them. And we need to spend more money to get people to cut the meat",blue spotted maskray,0,0,0,0,0,0,0,0,0,0,0,0,0,0,0,1,Said that it was rare,N/A,500,0,0
V58,MH,F,M,17,0.02,both ,3 times a week,I sell less ray than shark ,Na,Na,"Always sell one shark and a half, and one shark can be between 50-60kg. One big ray can be between 60-70kg",Normal ,May- April ,New year and December ,0,"mobular ray , milk shark , silky shark , blue spotted-maskray",1,0,0,0,1,0,0,0,0,0,0,1,0,1,0,0,0,0,0,0,0,1,0,N/A,milk shark  ,milk shark ,1,0,0,0,0,0,0,0,0,0,0,0,0,0,0,0,Yes,1400,750,0,0
V59,MH,F,M,44,29,both ,6 times a week ,N/A,Na,Na,"Less fish now. Today we dealt with 20,000kg shark and ray ","Can change, once sold 85,000 in one day during corona ",International seas- all the time we get. ,"All for dry fish- some times for fresh fish. Price was low before but now a bit high. Today we have fish from 5 boats use to be just one. Sinhala new year close. Dry fish demand increases. Vesak and dansal, people who go for boats go on holiday. Mostly to Badulla, polonaruwa, where it’s hot people eat less dry fish.",1,"mobular ray , manta ray , milk shark , silky shark , sicklefin devil ray ",1,0,0,0,1,0,0,0,0,0,0,0,1,1,0,0,0,0,0,0,0,0,1,"There are around 10 varieties of shark. We catch cownose rays some days, and they get caught in nets. This happens in October","deep sharks are the best variety. When dried, they are tasty and nice looking. mobular ray also has a lot of demand ",N/A,0,0,0,0,0,0,0,0,1,0,0,0,0,0,0,0,No,920,335,1,0
